"name","mbid","url","smallImage","image"
"Lilias White, Tawatha Agee, Cheryl Freeman, LaChanze, Roz Ryan, and Vaneese Thomas","","https://www.last.fm/music/Lilias+White,+Tawatha+Agee,+Cheryl+Freeman,+LaChanze,+Roz+Ryan,+and+Vaneese+Thomas","",""
"Cheryl Cole - Call My Name [www.0111music23.com]","","https://www.last.fm/music/Cheryl+Cole+-+Call+My+Name+%5Bwww.0111music23.com%5D","",""
"tiffany evans, terrell carter, tamela mann, cheryl pepsi riley","","https://www.last.fm/music/tiffany+evans,+terrell+carter,+tamela+mann,+cheryl+pepsi+riley","",""
"Cheryl Lynn - Got To Be Real","","https://www.last.fm/music/Cheryl+Lynn+-+Got+To+Be+Real","",""
"Lillias White, Cheryl Freeman, LaChanze, Roz Ryan, Vaneese Thomas & Tawatha","","https://www.last.fm/music/Lillias+White,+Cheryl+Freeman,+LaChanze,+Roz+Ryan,+Vaneese+Thomas+&+Tawatha","",""
"Cheryl Studer, Angela Maria Blasi, Etc.; Giuseppe Sinopoli: Philharmonia Orchestra & Chorus","","https://www.last.fm/music/Cheryl+Studer,+Angela+Maria+Blasi,+Etc.;+Giuseppe+Sinopoli:+Philharmonia+Orchestra+&+Chorus","",""
"MP Box Feat. Cheryl Porter","1f699302-7609-4a6f-ac6d-e9eb8801ab16","https://www.last.fm/music/MP+Box+Feat.+Cheryl+Porter","",""
"Cheryl Studer, Samuel Ramey, Jennifer Larmore","","https://www.last.fm/music/Cheryl+Studer,+Samuel+Ramey,+Jennifer+Larmore","https://lastfm.freetls.fastly.net/i/u/34s/2a96cbd8b46e442fc41c2b86b821562f.png","https://lastfm.freetls.fastly.net/i/u/300x300/2a96cbd8b46e442fc41c2b86b821562f.png"
"Cheryl featuring Tinie Tempah","","https://www.last.fm/music/Cheryl+featuring+Tinie+Tempah","",""
"Cheryl Seltzer, Continuum & Joel Sachs","","https://www.last.fm/music/Cheryl+Seltzer,+Continuum+&+Joel+Sachs","",""
"cherylynn <3❕","","https://www.last.fm/music/cherylynn+%3C3%E2%9D%95","",""
"Cheryl Freeman and Michel Bell","","https://www.last.fm/music/Cheryl+Freeman+and+Michel+Bell","",""
"Cheryl Cole (feat. Tinie Tempah)","","https://www.last.fm/music/Cheryl+Cole+(feat.+Tinie+Tempah)","",""
"Tenishia feat. Cheryl Balzan","","https://www.last.fm/music/Tenishia+feat.+Cheryl+Balzan","",""
"1 Giant Leap Featuring Speech & Neneh Cherry","","https://www.last.fm/music/1+Giant+Leap+Featuring+Speech+&+Neneh+Cherry","https://lastfm.freetls.fastly.net/i/u/34s/2a96cbd8b46e442fc41c2b86b821562f.png","https://lastfm.freetls.fastly.net/i/u/300x300/2a96cbd8b46e442fc41c2b86b821562f.png"
"Cheryl Studer, Andrea Gruber, Etc.; James Levine: Metropolitan Opera Orchestra & Chorus","","https://www.last.fm/music/Cheryl+Studer,+Andrea+Gruber,+Etc.;+James+Levine:+Metropolitan+Opera+Orchestra+&+Chorus","",""
"Cheryl Freeman; Susan Egan","","https://www.last.fm/music/Cheryl+Freeman;+Susan+Egan","",""
"Siegfried Jerusalem, Cheryl Studer, Etc.; Claudio Abbado: Vienna Philharmonic Orchestra, Vienna State Opera Chorus","","https://www.last.fm/music/Siegfried+Jerusalem,+Cheryl+Studer,+Etc.;+Claudio+Abbado:+Vienna+Philharmonic+Orchestra,+Vienna+State+Opera+Chorus","",""
"Cheryl Cole Shows Off New Bum Tattoo","","https://www.last.fm/music/Cheryl+Cole+Shows+Off+New+Bum+Tattoo","",""
"Claudio Abbado, Wiener Philharmoniker, Boje Skovhus(Bar), Cheryl Studer(sop), Sylvia McNair(sop), Lucio Gallo(bass), Cecilia Bartoli(Mezzo)","","https://www.last.fm/music/Claudio+Abbado,+Wiener+Philharmoniker,+Boje+Skovhus(Bar),+Cheryl+Studer(sop),+Sylvia+McNair(sop),+Lucio+Gallo(bass),+Cecilia+Bartoli(Mezzo)","https://lastfm.freetls.fastly.net/i/u/34s/2a96cbd8b46e442fc41c2b86b821562f.png","https://lastfm.freetls.fastly.net/i/u/300x300/2a96cbd8b46e442fc41c2b86b821562f.png"
"Cheryl Hodge","","https://www.last.fm/music/Cheryl+Hodge","",""
"Cheryl Waters, Kennady Quille","","https://www.last.fm/music/Cheryl+Waters,+Kennady+Quille","",""
"Cheryl Cole Featuring will.i.am","","https://www.last.fm/music/Cheryl+Cole+Featuring+will.i.am","https://lastfm.freetls.fastly.net/i/u/34s/2a96cbd8b46e442fc41c2b86b821562f.png","https://lastfm.freetls.fastly.net/i/u/300x300/2a96cbd8b46e442fc41c2b86b821562f.png"
"Cheryl Cole/William Adams","","https://www.last.fm/music/Cheryl+Cole%2FWilliam+Adams","",""
"Cheryl Dunn","","https://www.last.fm/music/Cheryl+Dunn","https://lastfm.freetls.fastly.net/i/u/34s/2a96cbd8b46e442fc41c2b86b821562f.png","https://lastfm.freetls.fastly.net/i/u/300x300/2a96cbd8b46e442fc41c2b86b821562f.png"
"Cheryl Ann Spencer","","https://www.last.fm/music/Cheryl+Ann+Spencer","",""
"Susan Egan, Cheryl Freeman, Lachanze, Vanesse Thomas, Lillias White (Hercules)","","https://www.last.fm/music/Susan+Egan,+Cheryl+Freeman,+Lachanze,+Vanesse+Thomas,+Lillias+White+(Hercules)","",""
"cherylsblood","","https://www.last.fm/music/cherylsblood","",""
"Cheryl Studer, Plácido Domingo, Etc.; Ion Marin: London Symphony Orchestra, Ambrosian Opera Chorus","","https://www.last.fm/music/Cheryl+Studer,+Pl%C3%A1cido+Domingo,+Etc.;+Ion+Marin:+London+Symphony+Orchestra,+Ambrosian+Opera+Chorus","",""
"Cheryl L. Gleason","","https://www.last.fm/music/Cheryl+L.+Gleason","",""